{
  "routes": [
    {
      "method": "GET",
      "path": "/service-solutions",
      "handler": "service-solution.find",
      "config": {
        "policies": []
      }
    },
    {
      "method": "GET",
      "path": "/service-solutions/count",
      "handler": "service-solution.count",
      "config": {
        "policies": []
      }
    },
    {
      "method": "GET",
      "path": "/service-solutions/:id",
      "handler": "service-solution.findOne",
      "config": {
        "policies": []
      }
    },
    {
      "method": "POST",
      "path": "/service-solutions",
      "handler": "service-solution.create",
      "config": {
        "policies": []
      }
    },
    {
      "method": "PUT",
      "path": "/service-solutions/:id",
      "handler": "service-solution.update",
      "config": {
        "policies": []
      }
    },
    {
      "method": "DELETE",
      "path": "/service-solutions/:id",
      "handler": "service-solution.delete",
      "config": {
        "policies": []
      }
    }
  ]
}
