{
  "kind": "singleType",
  "collectionName": "our_features",
  "info": {
    "name": "our features",
    "description": ""
  },
  "options": {
    "increments": true,
    "timestamps": true,
    "draftAndPublish": true
  },
  "attributes": {
    "simpleText": {
      "type": "string",
      "default": "OUR FEATURES",
      "required": true
    },
    "header": {
      "type": "string",
      "default": "We’re Here To Help",
      "required": true
    },
    "helpText": {
      "type": "string",
      "default": "Lorem ipsum dolor sit amet, consectetur adipiscing elit, sed do eiusmod tempor incididunt ut labore et dolore magna.",
      "required": true
    },
    "features": {
      "type": "component",
      "repeatable": true,
      "component": "feature.our-features"
    }
  }
}
