{
  "kind": "collectionType",
  "collectionName": "service_solutions",
  "info": {
    "name": "service solution",
    "description": ""
  },
  "options": {
    "increments": true,
    "timestamps": true,
    "draftAndPublish": true
  },
  "attributes": {
    "icon": {
      "type": "string",
      "default": "flaticon-rocket",
      "required": true
    },
    "title": {
      "type": "string",
      "default": "Code Security",
      "required": true
    },
    "shortText": {
      "type": "string",
      "default": "Lorem ipsum dolor sit amet, consectetur adipiscing elit, sed do eiusmod tempor incididunt ut labore et.",
      "required": true
    },
    "slug": {
      "type": "uid",
      "targetField": "title"
    },
    "longText": {
      "type": "richtext",
      "default": "Lorem ipsum dolor sit amet, consectetur adipiscing elit, sed do eiusmod tempor incididunt ut labore et.",
      "required": true
    }
  }
}
