{
  "kind": "singleType",
  "collectionName": "solutions",
  "info": {
    "name": "solution"
  },
  "options": {
    "increments": true,
    "timestamps": true,
    "draftAndPublish": true
  },
  "attributes": {
    "simpleText": {
      "type": "string",
      "default": "OUR SOLUTIONS",
      "required": true
    },
    "headerText": {
      "type": "string",
      "default": "We Different From Others Should Choose Us",
      "required": true
    },
    "helpText": {
      "type": "string",
      "default": "Lorem ipsum dolor sit amet, consectetur adipiscing elit, sed do eiusmod tempor incididunt ut labore et dolore magna.",
      "required": true
    }
  }
}
