{
  "routes": [
    {
      "method": "GET",
      "path": "/default-banner",
      "handler": "default-banner.find",
      "config": {
        "policies": []
      }
    },
    {
      "method": "PUT",
      "path": "/default-banner",
      "handler": "default-banner.update",
      "config": {
        "policies": []
      }
    },
    {
      "method": "DELETE",
      "path": "/default-banner",
      "handler": "default-banner.delete",
      "config": {
        "policies": []
      }
    }
  ]
}
