{
  "kind": "collectionType",
  "collectionName": "blogs",
  "info": {
    "name": "blog",
    "description": ""
  },
  "options": {
    "increments": true,
    "timestamps": true,
    "draftAndPublish": true
  },
  "attributes": {
    "title": {
      "type": "string",
      "required": true
    },
    "slug": {
      "type": "uid",
      "targetField": "title",
      "required": true
    },
    "content": {
      "type": "richtext",
      "required": true
    },
    "author": {
      "type": "string",
      "required": true
    },
    "date": {
      "type": "date"
    },
    "image": {
      "model": "file",
      "via": "related",
      "allowedTypes": [
        "files",
        "images",
        "videos"
      ],
      "plugin": "upload",
      "required": true
    }
  }
}
